{
    "loss": 0.3847979009151459,
    "accuracy": 0.949999988079071
}